reddit,text
CFB,Beat Maryland and he s 10 1 for the third time in five full seasons    Yeah the OSU losses suck but god damn it s nice to consistently have meaningful games the final week of the year   EDIT  6 seasons  whoops
Cooking,I honestly have no idea  Here in Italy we have only two kinds   skim  and  whole   I guess that the higher the fat content the better
CFB,yo wtf  The amount of totally out of left field hate my team gets from BigTen schools is insane  especially those in the state of Illinois
cars,Oh wow  that s a very thorough explanation    following your points step by step I think that makes the most sense  that ll be a challenge to implement    Thanks for the walkthrough
CFB,You can be offended whenever you want  but if you look at a team giving 20 in the spread and losing by 23  it really doesn t matter who the winning team was  The fact is that Florida got blown out when they were favored by 20  Unfortunately for Mullen  this isn t the first bad game they ve had  either  They ve already lost 5 games this year  Their remaining games are winnable  but who knows what they ll show in them
cars,Until you feel the need to move on  Sell and get a new one once you feel the need for something different  Could be one month  could be ten years
politics,Tariffs don t enrich anyone except the government from fee payments and end up costing the consumer some choice in products since domestic products almost inevitably raise their prices to match the size of the tariff   Businesses didn t ship jobs overseas to hit the evil button  They did it because they have a duty to their shareholders to maximize profit
CFB,He apparently said postgame that they weren t trying to score  but wanted Minnesota to use their timeout  That makes the playcalling bizarre to me  At that point just kneel
politics,gt  I think they deliver now  You know  because of COVID  I m a few decades in  and it s a rare year that the White House delivers anything
cars,is 10k a good price for a 1982 corvette vehicle with 20 000 miles  This sounded good to me but im not much of a car guy  I saw a while corvette going for  20k  but it had 56k miles on it  Most prices I can find seem to average 16k to 30k   Just curious if older cars are worth 20kish with low milage  I feel like they would be worse in the long run if they might break down and have no parts to repair it since older cars are no longer being manufactured
science,Unlike almost everyone in this thread I don t think much about others at all  so this aligns with my expectations
CFB,The key difference that BYU has is that they don t have any sort of autobid tie in that would allow them to get in  There s a high possibility that a lower ranked team will get in before BYU due to autobids  They ll have to be top 10 to get in  which they probably won t have due to the other teams ahead of them having played P5 conference schedules and Cinci already in position to take the G5 autobid and with undefeated UTSA there as well
travel,My first love  the first European city I ever visited  I didn t want to leave  they had to drag me on the barge to Ibiza
politics,Even for non Trump republicans  Pence has the stink of Trump on him  Dudes the most unelectable VP since Dan Quayle
StockMarket,This is one of those articles that will be referenced in 6 months as  how were we supposed to know the economy was barely standing
StockMarket,Won t the breaking of passwords affect basically any password protected thing not just for blockchains  Also some crypto wallets have mechanisms in place that break when a wrong pass phrase is used 3 times in a row
CFB,Most of the criticism that gets lauded at James is usually fair  Yes  there s a certain faction that goes overboard with it  It s what happens when you have a fan base as large as ours  But there s a lot of people who defend James no matter what  which is fine  and if you even dare criticize him  you get ripped for it and it s assumed that you want him fired  It s weird to me
cars,Oh for sure  I would try to record the sound  Does the Prius have kinetic energy recovery systems on the creaky wheels
cars,Yeah  this is what I was thinking  I ve never heard of a warranty claim covering a customer picking out their own car at a rental place without any sort of agreement  If that was the case  people would be renting Bentley and Ferraris    If there is anything extra that is owed  it will be based on a lemon law claim  But there are pretty set guidelines for that type of thing
magicTCG,He s actually not dead  Gix was last seen falling through a time portal during a battle with Urza  No one knows if he was destroyed or he might reappear at any time
StockMarket,In short    the FED has your back   Been this way since the olden days  2009    You got some catching up to do Rip Van Winkle
politics,baloney  even if we had a multi party parliamentary system there wouldn t be enough voters on the left to do anything on your own  you would still have to work with a more moderate party to get anything done  but too many on the left hold their breath and stomp their feet and stay home and blame apathy instead of tempering their expectations and shooting for good instead of perfect  it s too bad we could get a lot of good done if they would just show up
magicTCG,It feels like this would inevitably creep towards a future where every single card in a set would be focused on the planeswalkers to the near exclusion of all else
magicTCG,Theros still has one or two hanging around  I d love   Iron Merchant of Akros  3RR  Creature minotaur  When   ETB  create a X gold tokens where X is your devotion to red
Cooking,I haven t used a non stick for anything in quite some time outside of work where I don t really have a choice  If I m at home 99  of everything I cook goes in the wok lol
Cooking,Everyone talks about what pantry staples to have  what are your freezer staples that you always have to make improve meals
science,Seems likely   a university friend of mine in Scotland had dinner with a researcher from Wuhan  who kept coughing during the meal  back in Dec 2019  and had  the worst flu of his life  about 10 days later
science,Same  Does it make you press your cheek into the rest  piece   of a shotgun more  Only asking cause when I went clay pigeon shooting my cheek caught a sweet yellow bruise  Tbf I m a pretty skinny guy so that could be a facial structure thing   Can t actually remember if I used my dominant or non dominant eye  was a few years ago
StockMarket,I fucking hope it s at least a 40  drop  That would be an awesome buy opportunity  Basically free money
politics,You do when you trip a Republican outside the Roosevelt Room  Those marines were already giving me quite the stinky eye
RealEstate,You don t get to see it  I didn t get to see my buyers report either  Personally  I think it s bullshit  but that s the way it goes  You re property is selling  so be happy and move on
CFB,Cincinnati but only because I think it would be awesome for Cincinnati to make the playoff   Don t really care who we play
politics,gt   I was totally just kidding when I said that I wanted to take away  lt insert religious group here gt  s freedom of religion    You do know religions aren t allowed to do all sorts of things  so we put limits on what religions can and can t do   Why shouldn t the same apply to gun and gun ownership
RealEstate,That isn t really accurate  Most real estate representation contracts allow for early termination of the agreement
science,Exactly  Therapy is not like medication  where you have no choice but to feel the effects  It requires work that some clients are not willing to do  I suspect this is why the efficacy rate is being reported so low  I ve had a few clients who are one step away from a major breakthrough and get scared so they give up on it  Others won t do things like record thought and behavior patterns outside of session so we can improve them
CFB,gt will never be looking to leave for a bigger better job    that s all rhule does  he s a great coach and he d be a great hire but he s horrible about jumping ship  he went from temple to baylor to the nfl in what four years
CFB,The Oregon v WSU game I think  Oregon going to the CFP is probably the best thing for us so there s some implication
CFB,PFF also gave Dan Mullen their 2020 COTY and rated Spencer Rattler the best overall player going into 2021 so I d pretty much disregard anything they say in regards to CFB
travel,If you are flexible on your dates and avoid traveling on over Dec 24 25 46  you can get Cancun for    300  Cabo for under  400   heck  London is just over  600
CFB,Down voted with no response  It s true though   We struggled with teams like Florida and lost to texas a amp m    Cincinnati is struggling with fucking tulsa   I wish they would get put in so we can watch them get massacred by a real team and maybe this shit will be laid to rest for a few years
politics,Thanks for not answering a straight forward question  The answer was around 18 billion went directly to Afghanistan for the full year of 2020  It was a simple question and you couldnt even answer it
cars,gt    the exact name escapes me right now   The ZG   That was less of a widebody kit and more of some bolt on fender extenders
CFB,I ll agree that I probably don t have full visibility into all the factors that weighed into the decision for Middle Tennessee  Having said that  at least from an outside observer it appears they made a decision that gets them some extra short term cash at the expense of long term stability
MachineLearning,I would definitely not cite someone doing dishonest work  at least not in a way that will increase their citation count  I just ignore papers that I cannot reproduce so that others don t waste their time on it
politics,At first I read that headline as    libertarians   grapple with conservatives      then I caught my mistake and remembered that the so called  libertarians  will be the first ones to toss LGBT books and books about the civil rights movement into the bonfire
CFB,There are half empty and half full people  You are like  Fuck it  the glass probably doesn t have a bottom    Enjoy the ride dude
CFB,Not so fast  I think we get to claim five eighths of ND s national championships with their pseudo ACC schedule
magicTCG,I m guessing they re double sided  same card on each side  so you can use whichever face you wanted  Fits the  heads or tails  concept
cars,That s how all the 2 year old Altimas ended up with 8 owners  They ve been repo d a half dozen times or more
politics,Your biggest contribution to the world to date is pointing out a spelling error   Mine are paid off you broke whiny fuck   Why don t you go cry some more on Twitter about how you deserve your loans forgiven because you were too fucking stupid to understand how interest rates work when you took them on
science,That s how Teva did it  But they re now huge and the regulatory environment has changed  so short of Amazon blitzing the space I don t know how much it would cost to fund a new entrant  If it were less than   200mm  I think it would be doable
travel,And I think the crux here is tipping culture in the US  That s why it matters that tables are rotated between servers
CFB,What about 1st down cameras  I know this could possibly slow down games but for important downs having a camera on the sticks would be huge
RealEstate,You could get the same information from a home inspection  priced in the hundreds  and had legal representation from an attorney  typically less than  2k
RealEstate,gt  been a pretty artificial inflation  you can argue about the cause  but prices ARE up  so calling it artificial is pretty meaningless  It has is already happened happening
CFB,gt It s actively happening  No one is fabricating anything   You literally are lmfao  Talking about 2 loss Bama getting in over other teams before we have even gotten to the SEC championship is fabrication
Cooking,Put some of that shit in everything   Because BAM  and fuck the haters   The peppered salt  amp  msg Bloody Mary thing sounds like a very delicious  very dirty trick   Right up my alley
science,I see  Microdosing can be therapeutic too  just so you know  In my experience it alleviates anxiety and makes me generally content  I m not sure about how long these effects last  though
science,These definitions aren t that great though  They re an overgeneralization   Plenty of extroverts need down time  It s not always go go go
CFB,A few years ago Jacksonville State who are from Alabama came up to Maine in December for the FCS playoffs  You could tell they wanted nothing to do with the weather and got swiftly blown out
RealEstate,So I want to still go through with the house  The thing I worry about is that the lender does a final approval at close  and they may see that the permits aren t there  and then the loan is canceled  And in that case I d lose the house and my earnest money deposit  As of today  the appraisal went through and the lender has approved the loan  But I m told they always do a final check later at close
travel,Because for some reason  even if there are 100 empty tables  people will choose to sit at the table that hasn t been bussed yet  Lol
magicTCG,Needs more breaking down  How many simic vs rakdos and etc  Rarity  Charts  As it stands these are mainly broad strokes percentages that give part of the whole story
RealEstate,Otoh places like alameda county  Berkeley  Oakland  now penalize for sitting on vacant land but simultaneously making it impossible to build  It s a lose lose
CFB,Could be a few things  Not making any excuses because I entirely disagree with the ranking  but possibly  Bad officiating  overturned TD  very bad missed PIs and holding   being on the road  or being outgained by 150 yards
Cooking,Butternut Squash soup  Roasted Brussels Sprouts  Roasted Acorn Squash  for her   Long  slow cooked stews  Turkey soup from leftovers   Nothing better than setting up the slow cooker for a hearty stew beef  potatoes  carrots  etc   while it snows like hell outside
CFB,I feel like Manhattan for the Oklahoma schools is a little weird  but for every Texas school it feels like the moon  It feels even more foreign than Ames for some reason
Cooking,But   if you just add more water to the pot you can also just forget about it because it s not gonna burn
politics,Well you d sure hope that not doing much would also include not scolding Latin American countries for problems the US only ever makes worse  Pretty low bar to clear there
travel,I am looking for something with offline capabilities  I used triposo for finding things to do and trip advisor for finding restaurants while walking around a city without WiFi
cars,No  1st Generation only  I accept and acknowledge it s a car that could be better but  just isn t as good as it should be   By the Specs of the 2022 model I just won t accept that it s a car that is as good as it should be
MachineLearning,Sometimes there s only so much you can get out of your data  but sometimes you just fail to search over enough of the hyperparameter surface using simple methods  Give this a read for starters http   brendanhasz github io  2019 03 28 hyperparameter optimization html   Also  sometimes domain experience and practice can help you establish better starting points and regions to search across
magicTCG,Davriel was yote from Strixhaven too in favor of Liliana  It s getting really tiresome tbh  We have a ton of Liliana and Kaya cards at this point  it really wouldn t kill them to let another lesser used  so not Sorin either lol  black aligned walker have a slot once in a while xD  I m hoping they finally give him a real card in New Capenna
politics,From deep rural kansas  The best internet was 3 1 dsl with a 500gb data cap  Took me 3 days to download skyrim when it came out  5 gigabytes for reference
CFB,Well except for this weekend  Stadium will probably be half empty  We all gotta go home to the westside for Thanksgiving
politics,trump severed head art shared by dem senators           yes  this was too far  just as the trump head was  but let satire be
CFB,to be fair ever since we started starting our fourth string true frosh 3 star LT the OL has been playing a ton better and the performances have improved quite a bit  That doesnt mean ND is a great team all of a sudden  just dont think there are that many great teams around this year   Please dont read this as ND should have a route into the playoffs when winning out  dont want any part of UGA  I want a NY6 bowl against a team we can beat and start next year on a high
MachineLearning,but the reviewer who gave reject know every weakness of me  I think he even knows my childhood traumas
CFB,I get that John Chavis was bad for you  but he also orchestrated one of the greatest defenses in college football history  2011 LSU  and was one of the top assistants in the country for decades at UTK and LSU    Taking a part time job in his retirement doesn t mean he s a bad DC
cars,I don t know how this is implied here  I still have to do the steering and am not watching movies on my phone or anything
magicTCG,Its still going   I considered a job at the place its being worked on   Can t really speak more than that
politics,Yeah  it impacts districts  So why would it change the result of a statewide election  Statewide elections are not at the district level
CFB,Tidbit  Last year when Florida decided to shit on not only our team  but also boasted how they were gonna win purely off being an SEC team and we basically had no business winning  we took a massive dump on their lawn    I promise you  a underrated and hated OU team is way more furious than a Baylor team that got beat by TCU  That s not slight against ya ll  I m just saying
RealEstate,It could be a few hundred bucks  It could also be a disaster costing tens of thousands  And that s why OP s lender won t let them close without the power being on for appraisal  No loan  no purchase  no choice but walk away
StockMarket,STOP USING ROBINHOOD  jesus  with all the obvious market manipulation theyve exhibited  i do not understand why people still vote to keep their business going   STOP
CFB,People that say that shit are straight up weirdos  If we lose to Georgia  we re not in unless like every upset possible happens from this weekend all the way to December   They just love conspiracy theories
cars,Dam I agree with sleeping on stuff but opportunities like that type of car make us do stupid shit  Maybe it was the right choice
travel,She absolutely needs proof of her name change  So long as she documentation demonstrating the married maiden situation then she ll be fine  Don t show up without the Marriage Certificate though
CFB,That s why the hockey team is called the Blue Jackets  Ohio supplied more men and materiel  per capita  than any other state in the Union to the cause
politics,How absurd it is that trump himself created a fake scandal of Barack not being a naturally born citizen  prompting Obama to release his birth certificate but still not even the feds can look at this assholes tax returns  Hmm   suspicious  Wait   what  Not even a little spicious  It s all so stupid
cars,My first reaction is Bmw 760i  the only car with a factory option of bulletproof windows and body panels   Although I can t remember if those came awd or not amd it really depends on how hazardous of conditions  But the thought of one of those in like a 6  lift kit is amusing
CFB,I have no idea what you re talking about  I just prefer to have rings on my non dominant hand  There is no secret organization or anything  The meetings are not every other Tuesday and we do not wear pink on Wednesday
magicTCG,I ve been checking on this product once or twice a week for the past month  and it s never had a buy option     It also doesn t have an Out of Print   Sold out sign    so I m really curious about it  Crimson Vow is already out  so I would think the Midnight Hunt stuff would ve been for sale or out of stock by now    but not the alternate art Arlin playmat sleeves Leather Box
StockMarket,Thanks for linking the analysis  Yeah   insider buying do seem to have a positive effect on the stock price  Do check out our sub r market sentiment where we discuss strategies like this
travel,Iran  It s isn t what the USA makes it out to be  Also Mexico  Americans have such a misguided perspective of their neighbor
CFB,We have a huge cultural problem with people not going to the game  Our tailgate is called  the boulevard   and is genuinely one of the best tailgates in all CFB IMO  it s modeled after The Grove since our President is Ole Miss  old chancellor   so for most people it s more fun to continue boulevarding with free food and drink than to go into the game   We have better attendance at night games because they don t have the option to keep drinking outside the stadium
Cooking,Well if you want to have a little fun anything blue raspberry  If you want to be fancy and spend some money blue crab
CFB,Right the thing is  I am so tired of hearing this narrative about UGA when no one else has played anyone that well either   Now if we get to the play offs or even the SEC Championship and get smoked well we will know we have not played anyone   But I have this feeling if we play well and win them all  we will hear UGA was gifted this NC   But fuck it  NC am I right
science,Who would pluck the birds  You just got a feathered carcass  That s the worst part ime  Even blanching doesn t make it easy
travel,I am personally happy to do either   I ve visited a lot of other countries   I ve also been to every region in my own country most of them multiple times   If I want to go somewhere and see something interesting I am not prejudiced about where it is
MachineLearning,Depending how  big  this geographical space is  using euclidean space can be problematic since the earth is non euclidean  For example  it would treat 179 degrees east as really far from 179 degrees west  even though they are actually only 2 degrees apart   Could be better to use   https   en wikipedia org wiki Great circle distance
science,Anyone remember when a certain major American political party spread anti HPV vax propaganda  telling people it would make their kids mentally restarted  and that political party faced to repercussions whatsoever  Good times
CFB,I think some positions also have better correlations than others  I want to say that defensive line tends to be pretty accurate
cars,Android auto and Carplay won t work that way unfortunately  My car has a single port which will work for either
CFB,Fuente is 1000  gone  It s not even a question anymore they ve been negotiating the buyout since the Syracuse game
cars,so does anyone know what exactly happens when you send your build to the dealer  I assume they just wait until they get in a car that is similar to your configuration
cars,I wonder what the numbers are   Unattended vehicle rollaway kills about 125 people per year in the USA and injures more than 2000  and the numbers are rising  That s not enough to mandate that parking brakes are automatically set
Cooking,I get good Napolese style pizza at home in a standard oven   Maybe not 10 10 but 8 10 on the base   And I don t use a stone   Just oven as hot as it will go and put the pizza on a metal tray
cars,You can build one  a guy on  youtube  https   youtu be 2lKcBT5E8Bc t 599  has  made a Turbo LS Caravan
cars,Is this because it s so archaic that it is immune to the global chip shortage   0 technology   profit
cars,Also  driving a 187hp ND2 near the limit is a lot less intimidating than at 455hp Camaro   I ve never driven on a racetrack  but I have a coworker who instructs regularly at track days   His opinion is that something like a Miata  E36 E46 BMW  or a GR86 BRZ are the best platforms to learn on
politics,See  Republican politicians family hate them   If your own family dislikes you that speaks on so many levels to possible character flaws   Yet this makes them ideal for politics  I don t get it
magicTCG,The thing is    All they had to do was give Odric a key word for him to be playable  how about menace  ya know  cause he s a scary vampire or something
RealEstate,Owning as many homes you want is a right  I have the same right to property as long as I can afford it
videogames,They do professional video game grading and certification like VGA  Their co founder is accused of selling large numbers of WATA graded games on Ebay  Even though WATA policy was that their employees would not sell games  in case of fraud or conflict of interest
science,I think the legends require that you only be studying during that time  or else it would just be background noise   I think it s loooooosely like Pavlov   If you heard bells all the time  you wouldn t associate it with food
StockMarket,They even make pedals with cages for regular shoes on one side they could have used  Or they could have included a regular pedal you could swap on your own or a code for free pair of shoes  But nope  immediate extra cost
politics,The assumption is that the Dems want change  Do they really  I wonder sometimes  They are experts at dropping the ball  Talk is cheap and they do a lot of talking
RealEstate,Builders don t even offer true solid core doors to block out sound  The only  upgrades  I ve seen are for nicer looking hollow doors or a  solid door  option where just the outside is solid  but the inside panels are hollow
cars,It seems to be made private by the uploader and the only way I found it was through another Reddit post  haha
politics,We waited through four years of grifting hell and tongue baths for the rich and corporations  came out in record numbers to elect the people who we assumed would save our democracy  and we get this    Our entire government is either corrupt or ineffective and can t read the fucking room  VOTING RIGHTS  Fuck your infrastructure if we re going to lose our way of life anyway    Pathetic  My family is leaving America in 2022 and I couldn t be more relieved
politics,He s already blown it  When he came out and said he would take guns away that s all anybody from Texas needs to hear  He might as well of pissed on the Alamo  It s a pity  because there s actually a lot of really great people in that state
politics,You would think there would be a demand for this  It would have to be subscrition based  since there woulbe be no ad sales
magicTCG,Yea  I ve seen a lot of LoL and Arcane fans feeling pretty meh about the lairs  Most saying how the art doesn t do a good job of capturing the scenes
politics,It s less than 100  but probably not by much  Don t forget the fascists and grifters who know full well what they are doing to our democracy
cars,People use anecdotes to make themselves feel better about the fact that they are either too frugal or too poor to buy expensive cars  I think if people look up real statistical profiles of who s largely buying expensive vehicles they are well off people who are 40  and don t have much financially to worry about
politics,This whole thing is broken  all if it   It s done   We need to figure out what to do next before it gets too ugly
CFB,Tech is either pretty good at stopping the run  UH  WVU  KSU  OU and ISU were all held under 100 yards rushing    Or Tech is ran through like shit through a goose  See UT 336 yards and TCU 394 yards    Side note  OU beat the crap out of us too  but they did it through the air    KSU was having their way with Tech through the air  IMO  It took ISU way too long to figure out that they could throw it on us     terrible game plan by Campbell
cars,It s that feel of the shifter and clutch too  Feeling the clutch grab at the right point  feeling the shifter slide in when you rev match  hearing the noise as you blip the throttle  Adds more engagement for me
politics,It s like  welfare queen  all over again  CRT is a slogan they can use to scare moderates and swing voters
Cooking,I didnt even know what a parsnip was until I moved up north   now they re one of my favorite vegetables but my family doesnt care for them    one of my coworkers calls them  ghost carrots
politics,That s not a conspiracy  That s human nature  That s like calling it a  conspiracy theory  to say your friends can t be trusted to be impartial about you  Is it a  conspiracy  to say that Our Revolution would similarly not be the most objective and impartial source with regards to Bernie Sanders
science,I feel like across the board from infants to adults we should be expected to work study for maximum 6 hours a day
magicTCG,Trying to tell myself to just check back in 30 mins but deep down I know I ll keep refreshing every 5
cars,I like it cause it s a meme  One of the best remembered things about it was the diesels incredible towing power  One Touareg managed to tow an airplane for a publicity stunt
politics,I hate to break it to you  but student loan forgiveness is only a major issue for the demographic that votes the least in this country
cars,An NA with an old small  rev happy Italian V8 or V12 and a tiny battery electric motor through the trunk for low speed or parking lots would be hilarious  Totally sedate until you get to an on ramp and then maniacal
cars,No way that gets greenlit  EVs are all about drag coefficients being minimized  Compared to other EVs that might as well be a G wagon aerodynamically
politics,Lol this is it  This is the only thing they will do and think it s like a new fucking deal or something
science,I think though you are right  Knowing how to measure explanation based curiosity earlier May help psychologists and pediatrics learn what conditions are likely to improve curiosity
science,Regardless  Wilson would be remembered for his role in Versailles and not be considered a great president  even if you disregard his racism
CFB,There have only been two 2 loss national champions since 1936  I have significant doubts that any 2 loss will ever appear in the 4 team playoff  even if it is Alabama this year   In your scenario  does Oklahoma also win out  An ORE OSU CIN OU playoff is perfectly reasonable
travel,Why did you decide to do 8 cities in 18 days instead of a few cities in the same amount of time  What was the point  Just to check off more cities
MachineLearning,Isnt this arguing against a strawman   The point was NOT that a number may possibly be useful as a pad   the point was that a number out of someones head shouldn t be assumed to be optimized or even good  It should be tested and verified
StockMarket,Normally that s true  but the context here is short term use that can be paid off within a promotional period
politics,I don t see why anyone should care about a few percentage points dropping when The Other Side has never cared about the majority of the country supporting stricter gun laws
cars,to maintain a constant speed yes  but chances are you d still be attempting to accelerate  where weight would be a factor
Cooking,Anything that involves dough   For many years I have tried to make dough based items and each time I am left defeated  My kitchen a mess  crying myself to sleep and the birds in the sky pooping upon my head
CFB,Their stadium actually meets the requirements for capacity  However they are not scheduled to fully transition to D1 until 2024 and it would be unwise if they went straight to FBS from there  They are definitely an expansion candidate down the line though  2030s
Cooking,TBH it used to be great but has recently fallen into a shitty tourist restaurant trope   Shame really
Cooking,Add a cup or so of instant mashed potatoes to your meatloaf  and you can even reduce the breadcrumbs by a little bit  but don t eliminate   You won t understand  You won t know why  But it will be amazing and wonderful and flavorful and lots of great texture   Promise
science,so basically capitalism is broken and inefficient on its own and cannot function without heavy regulation  cool  let s just abandon this system and replace it with one that doesn t let millions starve to death instead
politics,Republicans haven t begun to do any of those things  and have actively tried to reverse progress democrats have pushed into law on those issues
politics,OPEC and supply chains determine the gas prices   This bans drilling in like 0 001  of the worlds oil rich lands   It s also nice that you prioritize your bottom line over the burial places of other Americans ancestors   I m sure you d be fine with Exxon drilling next to your grandfathers grave
CFB,I m thinking  Baylor  but will be close  and won t be surprised if we lose    Given this is a must win game to remain in contention for the CCG  I can t imagine the boys will go into this one slacking  Hoping they stay focused up
CFB,I think my favorite one was from a couple years ago when someone over there wrote a really long and detailed post shitting all over Justin Herbert
science,I experienced that as a parent when my baby was a newborn  It always made me feel guilty the next day that I felt so annoyed the night before when my baby was crying for hours  It s kind of a relief to know that it has a scientific basis and I m not just a horrible parent
RealEstate,Yeah for sure longer you own it the more it is going to cost  Even in  or especially in a vacant houses stuff will break or need maintenance  Landscaping  fences  roofs  furnaces  hot water tanks  etc etc
Cooking,Accept help when offered  Put people to work doing basics like peeling chopping boiling water  Don t be a hero
cars,Atlantic blue  yes that was it  Glad to hear you re keeping the LGT going  always a hoot once it hit 2800 3000 and the boost starts  a proper change of personality in the lower gears
RealEstate,I m saying that the term  as is  is written directly into the standard contract of every sale in some states and the OP did not specify what was situation they re speaking of    Even if the seller is unwilling to do any repairs on a house they re selling  as is  doesn t mean they re not willing to give credits either    Just not ever asking the seller is stupid  The worst they can say is no
MachineLearning,In industry or academia  PhD   Either way  I think the answer is with relative ease  You may want to have an independent project in the new subfield to point to
Cooking,Yes however you avoid any contamination from and to your skin    It s easier to wash a plastic glove than your skin due to the concept of how soap works too   It s not over the top  but it s a health measurement    The fact that they are black is because there are different types  blue ones are not as durable
Cooking,Yes I replaced the jamon with the other ingredients  I didn t weigh anything  just tasted the mix  adjusted amounts and seasonings until it tasted nice
CFB,I thought we were speculating wildly on future realignment  As of right now  neither Memphis nor Jackson State is moving  This map has every change that has been announced to this point
science,Does anyone actually think this outside of black supremacist  nation of islam  loonies who also say Beethoven and Shakespear were black
CFB,I believe this is also the situation with Florida  Those closest to Georgia view them as the main rival but the lower you go you get more people who view FSU as the main rival  I grew up in Central Florida  Kissimmee  and I always viewed FSU as the undisputed main rival  It wasn t until I started going to UF did I learn that Georgia was even a rival  I m the only Gators fan in my family as we moved here from PR so no one to tell me to hate UGA and everyone else always said FSU was the big evil
Cooking,I think the only fat I didn t eat was that left over from fresh pork hocks I cook with sauerkraut and dumplings
CFB,Air Force  Rams are reeling and you never want to run into the triple option when you re at thin at LB as we are right now  Our offense has been bad at maximizing possessions this year  so I don t foresee this going well  Calhoun is gonna coach circles around Addazio
politics,I mean  Republicans might be planning this bill as a rug pull  An overwhelming majority support federal legalization on both sides  If Republicans push through the bill successfully  which Democrats likely would support  they get clout from passing the bill instead of the Democrats  It s all about scoring as many points as possible before the mid terms
politics,These ppl must be joking because stories like this can t be real   It s just too ridiculous that some ppl go so far against reality  science and truth
magicTCG,If you click on the link instead of opening them with reddit enhancement suite I explain why I chose each card
cars,So  the legendary DC2 Integra Type R   the best handling FWD car ever   was   FWD  And 0 60 in 6 7 seconds  which isn t far off 7   Amazing how much expectations have changed
CFB,If a 2 seeded Oregon Ohio State Oklahoma cannot beat a 7 seeded Alabama then they are simply not the best team in the country
CFB,I have Oregon state winning  Unless they have some injury I don t know about  they should win  They are a much better team at home
CFB,You new here  Iowa always wins ugly  I m just excited to be 8 2 at this point  Who gives a shit how they got there
science,Everyone says this but never provides a source  Could you point out a study that states sugar from a fruit is less damaging than raw sugar
Cooking,Fry onions and garlic until dark brown and add it to the dish  Will enhance flavours and take away the sweetness
cars,They would be fools to change it  The Challenger design is a home run  Probably the most distinct looking sports muscle car you can buy new under 40k
StockMarket,i didn t say for institutions  read the entire sentence      it usually is retail that sell    look at fund flows for some blackrock funds
politics,It s not really a great one of those  They could ask people polled   In a match up between Biden and a hypothetical Republican nominee  who do you support   It s more of a push poll  where the  step aside  language is intended to make Biden s age salient to respondents before they answer
CFB,We beat USF 41   17 so this showing by Cincy is quite curious   Edit  Lol already downvoted  Stay hard Cincy bros
cars,I m on my 2nd NA Miata  My first one was in terrible condition  My current one is a much more well maintained vehicle
magicTCG,This is amazing  I wish it was an option for the rest of us somehow    I d like us all to have a part of your wonderful token
cars,In many ways this was better than Top Gear episodes    Amazing content  Enjoyed every minute  Love the series
magicTCG,Oh yeah  I ve a friend who s bought like a dozen packs  even splurging on collector boosters  just as a D amp D player with zero interest in MTG as a game  She s even talking me into splitting a booster box with her
science,So they are talking about a change of 50 m per decade in a total height of 10 000 to 17 000 m  So a change of at most 5  in 100 years  Hmmm
CFB,The Big Ten will whittle itself down  Oregon will likely have to beat Utah twice   Oregon State  the Oklahomas might have beat each other twice  Georgia knocks off Alabama in the SEC title game  It s not hard to see the path for Notre Dame
politics,I bet if you wrote a bill that only paid for infrastructure in states that voted for it there would be a lot less votes against things
MachineLearning,Really couldn t care  Corporate real estate investing needs to die  You wonder why housing is so expensive
science,I was part of the April survey  I have also been part of the same survey every two months  So the data is out there even if it hasn t been published yet
travel,So many options  My advice number 1 is safety  That would dictate where I d go  Like there are places in Central America that are fine for tourists but some are very dangerous so do the research   I have friends in Brazil so they take me around and keep me safe  but I d be screwed trying to navigate it alone and not speaking the language
RealEstate,I was looking for just about 11 months  We closed 2 weeks ago and I m still here  I try to lend a hand from my experience  first time seller and second time buyer going from condo  gt single family   Also interested in the various market analysis people drop by with
StockMarket,At current earnings it will take 300 years for your return on investment  I know you said forward looking  but Jesus Christ  did you invent cryogenic freezing or figure out a way to live forever
CFB,Flair bet   I would never  This is just a result of society progressing forward that I am finally free to identify as what I have kept hidden for far too long   that s right   I m a huge Demon Deacon fan   Always have been   always   will be
RealEstate,And once they do reach the appropriate sale value  I expect Black Rock or another corporate investor would be happy to step in  purchase it and turn it into a rental
MachineLearning,It s reassuring to know this is something a lot of people struggle with  Currently my colleagues have lower code standards than I do  which is not intrinsically a bad thing   so yes perhaps I do need to be more selfish and focus on my own use cases  Team culture change can only happen when the team sees the need for it after all
politics,The problem is that the wealthy have too much power in news  lawmaking  and the workplace  They use this to convince citizens to vote in candidates that are on the side of the wealthy and their businesses  Authoritarian societies  which we live in  are willing to sacrifice the health of their bottom classes for the benefit of the upper class
politics,ELI5  This is from the past administration  Current admin tried to stop it  A Trump appointed judge ruled it had to continue
cars,I ve gone 130 in a Hyundai Elantra  fastest car in the world  a rental car with full coverage from my credit card   and a 7 year old Porsche Panamera with piss poor upkeep  The Elantra was down a straight arse American highway  the Panamera was at night  in an actual typhoon with sideways rain  so the speed cameras can t see anything   around sweeping bends on a Taiwanese highway  The Panamera felt way stabler and safer  Chassis design  suspension design and weight makes a huge difference
RealEstate,If the Wharf and National Harbor  not even technically DC  are the only parts of DC that you like then yeah i can see why you aren t fond of DC  Those are both very newly built generic places  let me guess your favorite place in Atlanta is Ponce City Market  Either way  different strokes for different folks
RealEstate,gt Utterly worthless metric  Additionally  Opendoor and the like would be included on this  even though they re not going to hold onto the houses  They re just going to churn it    If iBuyers bought every house available and then sold it  investors would make up 50   of the market  but no more homes would be going to be held by investors than normal  for example
politics,You can be an active voter and point out that a bad candidate is probably going to cause other people to abstain  I would agree with him  Buttigieg as a front runner would depress turnout in the general like it or not as a personal preference
politics,I m an Australian who immigrated to Canada  I m well aware of how fucked and neoliberal the other countries are  but even the right wing in these countries support Universal Healthcare
Cooking,Some friends and I fried up probably 3lbs of Rocky mountain oysters last year and u don t remember them being too chewy  Pretty dang good with a Coors Light
cars,Higher displacement and an extra cylinder could definitely help push even more out of that engine  but I have a feeling the Yaris engine might be a lot stronger than that i4 because one is made for abuse and racing while the other is for SUVs crossovers and vans
RealEstate,California here  Both are correct  You typically get the disclosures in escrow  However  if the house has recently fallen out of escrow or recently had inspections for other reasons  they will share it with serious buyers before they make the offer
politics,And then that violates the NAP  Taking my property is the equivalent of demanding everything and not sharing anything at preschool  That s chaos
politics,So do we need better election integrity or not  It seems like yes  but maybe this is the amount of fraud that sort of happens every election
CFB,Mel needs to call them out but in a positive way  get them out for the closer against PSU  make sure they know the players see these things
CFB,We ll try to help with that Irish bros   I was all behind Cincy running the table and making the CFP up until our fates collided   Now  ideally  ND will make CFP and UH will squeeze into a NY6 bowl
cars,Yeah I really don t get how they can sell 2021 cars that look like they came out of 2010  Way too smooth and bubbly for a new car imo
CFB,But if the other team asked first then he doesn t have to ask the visiting team permission  right  Plus I d imagine you could wear maize versus blue anyways
cars,When I had my Saab I didn t get any kind of wave but there was one guy we both pointed to each other and started bouncing up and down excitedly that we had the same Saab  His girlfriend was so confused and not amused in the slightest
cars,Yeah  the engine is the easiest part of the build  from a certain point of view  It s just a part   Including the cost of a donor car in condition worth spending the money on  guessing 10k right now including hardtop   I d peg  Doing this right  at 100k as a safe budget
politics,Republicans were and are rats led by the Pied Piper  They deserve every bit of the shredding they re going to receive in the history books
StockMarket,You should never follow investment advice from an online forum  so you re doing pretty good on that field  I only read this subreddit in order to get new names to check out  It s like a source of new leads  Active investing it s not meant for everybody and that s okay too  But it s a one way road once you start you can never go back to leave into the hands of an agent
CFB,The first time that Florida played state when he was there they put stuff like this all over the houses in downtown Starkville
politics,biden won t win 2024 no matter the other candidate imo  his primary win was all about  only i can beat trump  and the general win was based on  not trump  votes  it won t work a second time with 4 years for people to move on
cars,I don t think he intends to use this in FD  It ll probably be just a fun car like the 4586 he built    Besides  I don t think FD needs a cost cap  Letting people go wild keeps the field fun and diverse  Also  Unlike other motorsports  more money does not really mean better performance  It s much more reliant on driver skills  Just look at the twin supercharged 599 GTB  easily one of the most expensive cars in FD  at 26th place in the current rankings
politics,gt A do nothing rich guy who s never done a hard days work in his life suddenly trying to rally the troops to turn on their own nation   Seems to be working for him so far  The key is he has them convinced that they re targeting the real enemies  Convince his base that the generals are all part of the  deep state  and they ll beg him to do it
magicTCG,No  But both these cards go very well with   gem hide sliver   or   Manaweft sliver   to get 3 manga for one sliver    Then you only need the   sliver queen   of course
politics,I totally agree    But it s not because of policy   those same  W VA  https   W VA  residents would benefit a GREAT deal if progressives got their way   Manchin is benefiting from nothing but identity politics
cars,Why in the fuck would you want this   People bough this car because it was all they could afford  not because they wanted a Geo Metro
cars,I somehow made it to 300k miles in my 1994 dodge caravan  Shit was getting spooky to drive there towards the end tho lol
magicTCG,did you enjoy doing the detailing on her dress  i m always been in awe of visual artists who are able to have  so much patience  for drawing thing like elaborate detail
cars,You ve got three generations to deal with  If it s just power  I d say you would want to shoot for an S197  2004 2014   although the S550 s  2005 present  are imo way better and more powerful  I had a 2004 and although it was fun  it was nothing like more modern GT s
politics,I don t really care about some dude who died in the middle east over 2000 years ago   People need to move past these old rituals and superstitions if our species is to have a future
science,Isn t it just heuristics  That s not really calculating so much as it is having practiced something so many times you know what to do
CFB,It s been great to see his rebuild working  Takes time when a team has been down for so many years but fantastic progress already and getting back into a bowl is massive and I m sure they ll just keep getting better
politics,gt  As it was  Mitch McConnell  Susan Collins  etc etc got re elected after showing us who they are  Republicans actually GAINED seats in Congress     Rigged voting machines  ES amp S  not Dominion
videogames,thanks  you feel like fallen orders worth it  or better things out there   working with GoW gta uncharted fallout 4 and a couple more
science,Yep  my dad has HPV induced throat cancer  We thought he beat it several years ago but we just found out it came back last week   EVERYONE should get the HPV vaccine
CFB,It s been 10 years to the day since possibly   the best punt return   the worst tackling in history   FTFY
science,I knew it  all those negative studies and research are just propaganda for society to stop consuming  But if I exercise frequently and am very active I don t think it affects you as bad as they say
CFB,lol I wish  I wanted to but I couldn t convince myself to spend    1k for a weekend of transport lodging tickets  SLC is really nice though   I have booked tickets to Vegas for the Pac 12 championship so  hopefully  see you there
cars,I lot of women do like small trucks  When my brother met his wife at first  she drove around in a bright blue tiny old taco with Toyota written across the tailgate   She had to get rid of it at some point because it rusted out sadly
politics,Because CA has a pipeline that runs across Canada  in fact they have multiple   The US just cancelled their keystone project  which was supposed to be this  Less transportation time  less cost  Simple
magicTCG,Mine is supposed to be transferred from ups to USPS for final delivery  Hasn t got here yet since I got the email and it hasn t updated at all either
politics,Shit   I really wish I was a senator for I would have honestly asked why do we have to vote to censure that racist dude and since the Q publicans are cool with it I will proceed to post vile and untrue stuff about them on tweeter and call their attention to it in real time and watch them squirm   bet turtle man won t like to have a modified pic of him having some nice time with Dump and a bunch of men
cars,Fyi the Regal sedan is actually a hatchback also  So even though it may not look it at first glance I consider them equally quirky to the wagon
politics,The GQP here in Michigan removed Governor s ability to implement her plan and then replaced it with nothing   Quality work done by those asshats
CFB,I m just curious  who has the top SOS now since Arkansas had it for awhile  I would probably guess Indiana off the top of my head
Cooking,Unfortunately you re wrong about the boiling temperature  Adam Ragusea covered this thoroughly   https   youtu be QW7r2RHt6tY
RealEstate,The purchase contract doesn t have a range  The listing agreement tells the agent to listing g with a range of prices  The idea is that a buyer looking below  500 would see this listing
politics,Number 1 but unironically  The average student loan debt is less than the purchase price of a new car    40k    and almost half of all the debt is held by graduate degree holders    People with 100k in loans are doctors lawyers or people who didn t think about their spending whatsoever as they made their way through school  Pay it back       
cars,I have a life dream of one day putting a 500 horsepower battery in a Metro  the ultimate dumb sleeper
politics,I always love the bit that G K  Chesterton said about patriotism    No true patriot ever said  My country  right or wrong   It would be like saying  My mother  drunk or sober     This is an excerpt from a longer diatribe  but it boils down If you re going to truly love a country enough to dedicate yourself to it  you need to acknowledge it s flaws and do whatever you can within your power to address them  While he was talking about countries  I believe the same can be said in this case
StockMarket,Yes  that s where the risks lie  but some industries  energy renewables and robotics  are less riskier than others  so might consider that
videogames,I have to ask  what makes you say the variety of games is great  I only ask because I only see two types of games here with not much variety between them  They are very similar IMO
